[{"Nome":"Adriano Ferreira","Matricula":"000001","Ramal":"50000201","Email":"adrianoferreira@arcanecastle.com.br","Setor":"vendas","Nascimento":"15/01/2000"},{"Nome":"Ana Francisca","Matricula":"000002","Ramal":"50000292","Email":"anafrancisca@arcanecastle.com.br","Setor":"design","Nascimento":"22/07/1995"},{"Nome":"Carlos Alberto","Matricula":"000003","Ramal":"50000213","Email":"carlosalberto@arcanecastle.com.br","Setor":"limpeza","Nascimento":"18/03/1985"},{"Nome":"Zita dos Santos","Matricula":"000004","Ramal":"50000284","Email":"zitasantos@arcanecastle.com.br","Setor":"limpeza","Nascimento":"01/11/2002"},{"Nome":"Arthur Real","Matricula":"000005","Ramal":"50000225","Email":"arthurreal@arcanecastle.com.br","Setor":"construção","Nascimento":"06/07/2001"},{"Nome":"Iris Veloso","Matricula":"000006","Ramal":"50000276","Email":"irisveloso@arcanecastle.com.br","Setor":"construção","Nascimento":"14/09/1979"},{"Nome":"Edson Rodrigues Peroni","Matricula":"000007","Ramal":"50000237","Email":"edsonperoni@arcanecastle.com.br","Setor":"design","Nascimento":"22/04/2003"},{"Nome":"Teresa de Assis Brando","Matricula":"000008","Ramal":"50000268","Email":"teresabrando@arcanecastle.com.br","Setor":"vendas","Nascimento":"28/02/2000"},{"Nome":"Zacarias Xaria","Matricula":"000009","Ramal":"50000249","Email":"zacariasxaria@arcanecastle.com.br","Setor":"design","Nascimento":"31/12/1999"},{"Nome":"Walquiria Ferdinandes","Matricula":"000010","Ramal":"50000250","Email":"walquiriaferdinandes@arcanecastle.com.br","Setor":"vendas","Nascimento":"15/01/2000"},{"Nome":"Cleiton Dantas","Matricula":"000011","Ramal":"50000251","Email":"cleitondantas@arcanecastle.com.br","Setor":"limpeza","Nascimento":"03/10/1998"},{"Nome":"Isadora Justo","Matricula":"000012","Ramal":"50000262","Email":"isadorajusto@arcanecastle.com.br","Setor":"construção","Nascimento":"20/06/1996"},{"Nome":"Sophia Yeager dos Reis Lupino","Matricula":"000013","Ramal":"50000243","Email":"sophialupino@arcanecastle.com.br","Setor":"vendas","Nascimento":"09/06/1995"},{"Nome":"plinio","Matricula":"8080","Ramal":"8080","Email":"oinilp_zero@hotmail.com","Setor":"limpeza","Nascimento":"06/01/2020"},{"Nome":"Dunas Real","Matricula":"34562564","Ramal":"50003000","Email":"dunasreal@arcanecastle.com","Setor":"design","Nascimento":"13/01/1995"}]