[{"name":"Alundra","year":"1997","genre":"RPG de ação","multiplayer":"Não","offline":"Sim","crossplataform":"Não"},{"name":"Mega Man X","year":"1993","genre":"Plataforma","multiplayer":"Não","offline":"Sim","crossplataform":"Não"},{"name":"Street Fighter","year":"1987","genre":"Luta","multiplayer":"Sim","offline":"Sim","crossplataform":"Não"},{"name":"Crash Bandicoot","year":"1996","genre":"Plataforma","multiplayer":"Não","offline":"Sim","crossplataform":"Não"},{"name":"Genshin impact","year":"2020","genre":"RPG de ação","multiplayer":"Sim","offline":"Não","crossplataform":"Sim"},{"name":"resident evil village","year":"2021","genre":"Survival horror","multiplayer":"Não","offline":"Sim","crossplataform":"Não"}]